[{"id":1,"slug":"twentytwentythree","name":"Twenty Twenty-Three","thumbnail":"https:\/\/sgwpdemo.com\/screenshots\/twentytwentythree.jpg","download_url":"","live_demo_url":"https:\/\/default.sgwpdemo.com","recommended_builder":"","required_plugins":"","builders":"","free":1,"is_default":1,"item_order":10,"type":"theme","price":{"id":939,"theme_id":1,"currency_code":"USD","price":0},"description":{"id":939,"theme_id":1,"language":"en","description":""},"tags":[]},{"id":37,"slug":"storefront","name":"Storefront","thumbnail":"https:\/\/sgwpdemo.com\/screenshots\/storefront.jpg","download_url":"","live_demo_url":"https:\/\/storefront.sgwpdemo.com","recommended_builder":"","required_plugins":"","builders":"[{\"id\": 18}]","free":1,"is_default":1,"item_order":10,"type":"theme","price":{"id":940,"theme_id":37,"currency_code":"USD","price":0},"description":{"id":940,"theme_id":37,"language":"en","description":""},"tags":[{"id":2125,"theme_id":37,"tag":"Online-store","default":1}]},{"id":59,"slug":"neve","name":"Freelancer","thumbnail":"https:\/\/neve.sgwpdemo.com\/screenshots\/freelancer-gb.jpg","download_url":"","live_demo_url":"https:\/\/neve.sgwpdemo.com\/freelancer-gb","recommended_builder":"","required_plugins":27,"builders":"","free":1,"is_default":0,"item_order":220,"type":"theme","price":{"id":941,"theme_id":59,"currency_code":"USD","price":0},"description":{"id":941,"theme_id":59,"language":"en","description":""},"tags":[{"id":2126,"theme_id":59,"tag":"Business","default":1},{"id":2127,"theme_id":59,"tag":"Art & Design","default":0},{"id":2128,"theme_id":59,"tag":"Portfolio","default":0}]},{"id":60,"slug":"neve","name":"Photography","thumbnail":"https:\/\/neve.sgwpdemo.com\/screenshots\/photography-gb.jpg","download_url":"","live_demo_url":"https:\/\/neve.sgwpdemo.com\/photography-gb\/","recommended_builder":"","required_plugins":27,"builders":"","free":1,"is_default":0,"item_order":130,"type":"theme","price":{"id":942,"theme_id":60,"currency_code":"USD","price":0},"description":{"id":942,"theme_id":60,"language":"en","description":""},"tags":[{"id":2129,"theme_id":60,"tag":"Photography","default":1},{"id":2130,"theme_id":60,"tag":"Portfolio","default":0},{"id":2131,"theme_id":60,"tag":"Business","default":0}]},{"id":61,"slug":"neve","name":"Personal Trainer","thumbnail":"https:\/\/neve.sgwpdemo.com\/screenshots\/personal-trainer-gb.jpg","download_url":"","live_demo_url":"https:\/\/neve.sgwpdemo.com\/personal-trainer-gb\/","recommended_builder":"","required_plugins":27,"builders":"[{\"id\": 18}]","free":1,"is_default":0,"item_order":270,"type":"theme","price":{"id":943,"theme_id":61,"currency_code":"USD","price":0},"description":{"id":943,"theme_id":61,"language":"en","description":""},"tags":[{"id":2132,"theme_id":61,"tag":"Health & Fitness","default":1},{"id":2133,"theme_id":61,"tag":"Business","default":0}]},{"id":62,"slug":"neve","name":"The Gym","thumbnail":"https:\/\/neve.sgwpdemo.com\/screenshots\/the-gym-gb.jpg","download_url":"","live_demo_url":"https:\/\/neve.sgwpdemo.com\/the-gym-gb\/","recommended_builder":"","required_plugins":27,"builders":"","free":1,"is_default":0,"item_order":360,"type":"theme","price":{"id":944,"theme_id":62,"currency_code":"USD","price":0},"description":{"id":944,"theme_id":62,"language":"en","description":""},"tags":[{"id":2134,"theme_id":62,"tag":"Health & Fitness","default":1},{"id":2135,"theme_id":62,"tag":"Business","default":0}]},{"id":63,"slug":"neve","name":"Rock Band","thumbnail":"https:\/\/neve.sgwpdemo.com\/screenshots\/rock-band-gb.jpg","download_url":"","live_demo_url":"https:\/\/neve.sgwpdemo.com\/rock-band-gb\/","recommended_builder":"","required_plugins":27,"builders":"","free":1,"is_default":0,"item_order":70,"type":"theme","price":{"id":945,"theme_id":63,"currency_code":"USD","price":0},"description":{"id":945,"theme_id":63,"language":"en","description":""},"tags":[{"id":2136,"theme_id":63,"tag":"Magazine","default":1},{"id":2137,"theme_id":63,"tag":"Blog","default":0},{"id":2138,"theme_id":63,"tag":"Portfolio","default":0}]},{"id":64,"slug":"neve","name":"Wedding","thumbnail":"https:\/\/neve.sgwpdemo.com\/screenshots\/wedding-gb.jpg","download_url":"","live_demo_url":"https:\/\/neve.sgwpdemo.com\/wedding-gb\/","recommended_builder":"","required_plugins":27,"builders":"","free":1,"is_default":0,"item_order":150,"type":"theme","price":{"id":946,"theme_id":64,"currency_code":"USD","price":0},"description":{"id":946,"theme_id":64,"language":"en","description":""},"tags":[{"id":2139,"theme_id":64,"tag":"Wedding","default":1}]},{"id":65,"slug":"neve","name":"Clothing Store","thumbnail":"https:\/\/neve.sgwpdemo.com\/screenshots\/clothing-store-gb.jpg","download_url":"","live_demo_url":"https:\/\/neve.sgwpdemo.com\/clothing-store-gb\/","recommended_builder":"","required_plugins":27,"builders":"[{\"id\": 18}]","free":1,"is_default":0,"item_order":110,"type":"theme","price":{"id":947,"theme_id":65,"currency_code":"USD","price":0},"description":{"id":947,"theme_id":65,"language":"en","description":""},"tags":[{"id":2140,"theme_id":65,"tag":"Online-store","default":1},{"id":2141,"theme_id":65,"tag":"Business","default":0},{"id":2142,"theme_id":65,"tag":"Art & Design","default":0}]},{"id":66,"slug":"neve","name":"Design Portfolio","thumbnail":"https:\/\/neve.sgwpdemo.com\/screenshots\/design-portfolio-gb.jpg","download_url":"","live_demo_url":"https:\/\/neve.sgwpdemo.com\/design-portfolio-gb\/","recommended_builder":"","required_plugins":27,"builders":"","free":1,"is_default":0,"item_order":300,"type":"theme","price":{"id":948,"theme_id":66,"currency_code":"USD","price":0},"description":{"id":948,"theme_id":66,"language":"en","description":""},"tags":[{"id":2143,"theme_id":66,"tag":"Portfolio","default":1},{"id":2144,"theme_id":66,"tag":"Business","default":0}]},{"id":67,"slug":"neve","name":"Company Style","thumbnail":"https:\/\/neve.sgwpdemo.com\/screenshots\/agency-gb.jpg","download_url":"","live_demo_url":"https:\/\/neve.sgwpdemo.com\/company-style-gb\/","recommended_builder":"","required_plugins":27,"builders":"","free":1,"is_default":0,"item_order":320,"type":"theme","price":{"id":949,"theme_id":67,"currency_code":"USD","price":0},"description":{"id":949,"theme_id":67,"language":"en","description":""},"tags":[{"id":2145,"theme_id":67,"tag":"Business","default":1}]},{"id":68,"slug":"neve","name":"UX Blog","thumbnail":"https:\/\/neve.sgwpdemo.com\/screenshots\/ux-blog-gb.jpg","download_url":"","live_demo_url":"https:\/\/neve.sgwpdemo.com\/ux-blog-gb\/","recommended_builder":"","required_plugins":27,"builders":"","free":1,"is_default":0,"item_order":60,"type":"theme","price":{"id":950,"theme_id":68,"currency_code":"USD","price":0},"description":{"id":950,"theme_id":68,"language":"en","description":""},"tags":[{"id":2146,"theme_id":68,"tag":"Art & Design","default":1},{"id":2147,"theme_id":68,"tag":"Portfolio","default":0},{"id":2148,"theme_id":68,"tag":"Blog","default":0}]},{"id":69,"slug":"neve","name":"Fine Restaurant","thumbnail":"https:\/\/neve.sgwpdemo.com\/screenshots\/restaurant-gb.jpg","download_url":"","live_demo_url":"https:\/\/neve.sgwpdemo.com\/restaurant-gb\/","recommended_builder":"","required_plugins":27,"builders":"","free":1,"is_default":0,"item_order":400,"type":"theme","price":{"id":951,"theme_id":69,"currency_code":"USD","price":0},"description":{"id":951,"theme_id":69,"language":"en","description":""},"tags":[{"id":2149,"theme_id":69,"tag":"Restaurant","default":1},{"id":2150,"theme_id":69,"tag":"Business","default":0}]},{"id":70,"slug":"neve","name":"Coffee Shop","thumbnail":"https:\/\/neve.sgwpdemo.com\/screenshots\/cafe-gb.jpg","download_url":"","live_demo_url":"https:\/\/neve.sgwpdemo.com\/cafe-gb\/","recommended_builder":"","required_plugins":27,"builders":"","free":1,"is_default":0,"item_order":410,"type":"theme","price":{"id":952,"theme_id":70,"currency_code":"USD","price":0},"description":{"id":952,"theme_id":70,"language":"en","description":""},"tags":[{"id":2151,"theme_id":70,"tag":"Business","default":1},{"id":2152,"theme_id":70,"tag":"Online-store","default":0},{"id":2153,"theme_id":70,"tag":"Restaurant","default":0}]},{"id":71,"slug":"neve","name":"The Drone","thumbnail":"https:\/\/neve.sgwpdemo.com\/screenshots\/drone-gb.jpg","download_url":"","live_demo_url":"https:\/\/neve.sgwpdemo.com\/drone-gb\/","recommended_builder":"","required_plugins":27,"builders":"[{\"id\": 18}]","free":1,"is_default":0,"item_order":420,"type":"theme","price":{"id":953,"theme_id":71,"currency_code":"USD","price":0},"description":{"id":953,"theme_id":71,"language":"en","description":""},"tags":[{"id":2154,"theme_id":71,"tag":"Business","default":1},{"id":2155,"theme_id":71,"tag":"Online-store","default":0},{"id":2156,"theme_id":71,"tag":"Travel","default":0}]},{"id":72,"slug":"neve","name":"Your Next Travel","thumbnail":"https:\/\/neve.sgwpdemo.com\/screenshots\/travel-blog-gb.jpg","download_url":"","live_demo_url":"https:\/\/neve.sgwpdemo.com\/travel-blog-gb\/","recommended_builder":"","required_plugins":27,"builders":"","free":1,"is_default":0,"item_order":430,"type":"theme","price":{"id":954,"theme_id":72,"currency_code":"USD","price":0},"description":{"id":954,"theme_id":72,"language":"en","description":""},"tags":[{"id":2157,"theme_id":72,"tag":"Travel","default":1}]},{"id":73,"slug":"neve","name":"Design Studio","thumbnail":"https:\/\/neve.sgwpdemo.com\/screenshots\/interior-design-gb.jpg","download_url":"","live_demo_url":"https:\/\/neve.sgwpdemo.com\/interior-design-gb\/","recommended_builder":"","required_plugins":27,"builders":"","free":1,"is_default":0,"item_order":440,"type":"theme","price":{"id":955,"theme_id":73,"currency_code":"USD","price":0},"description":{"id":955,"theme_id":73,"language":"en","description":""},"tags":[{"id":2158,"theme_id":73,"tag":"Art & Design","default":1},{"id":2159,"theme_id":73,"tag":"Business","default":0}]},{"id":74,"slug":"neve","name":"Digital Store","thumbnail":"https:\/\/neve.sgwpdemo.com\/screenshots\/digital-store-gb.jpg","download_url":"","live_demo_url":"https:\/\/neve.sgwpdemo.com\/digital-store-gb\/","recommended_builder":"","required_plugins":27,"builders":"[{\"id\": 18}]","free":1,"is_default":0,"item_order":450,"type":"theme","price":{"id":956,"theme_id":74,"currency_code":"USD","price":0},"description":{"id":956,"theme_id":74,"language":"en","description":""},"tags":[{"id":2160,"theme_id":74,"tag":"Online-store","default":1},{"id":2161,"theme_id":74,"tag":"Photography","default":0},{"id":2162,"theme_id":74,"tag":"Business","default":0}]},{"id":75,"slug":"neve","name":"Yoga","thumbnail":"https:\/\/neve.sgwpdemo.com\/screenshots\/yoga-studio-gb.jpg","download_url":"","live_demo_url":"https:\/\/neve.sgwpdemo.com\/yoga-studio-gb","recommended_builder":"","required_plugins":27,"builders":"","free":1,"is_default":0,"item_order":460,"type":"theme","price":{"id":957,"theme_id":75,"currency_code":"USD","price":0},"description":{"id":957,"theme_id":75,"language":"en","description":""},"tags":[{"id":2163,"theme_id":75,"tag":"Health & Fitness","default":1},{"id":2164,"theme_id":75,"tag":"Business","default":0}]},{"id":77,"slug":"neve","name":"Art Show Case","thumbnail":"https:\/\/neve.sgwpdemo.com\/screenshots\/artist-gb.jpg","download_url":"","live_demo_url":"https:\/\/neve.sgwpdemo.com\/artist-gb\/","recommended_builder":"","required_plugins":27,"builders":"","free":1,"is_default":0,"item_order":480,"type":"theme","price":{"id":958,"theme_id":77,"currency_code":"USD","price":0},"description":{"id":958,"theme_id":77,"language":"en","description":""},"tags":[{"id":2165,"theme_id":77,"tag":"Portfolio","default":1},{"id":2166,"theme_id":77,"tag":"Art & Design","default":0},{"id":2167,"theme_id":77,"tag":"Portfolio","default":0},{"id":2168,"theme_id":77,"tag":"Blog","default":0},{"id":2169,"theme_id":77,"tag":"Photography","default":0}]},{"id":78,"slug":"neve","name":"Travel the World","thumbnail":"https:\/\/neve.sgwpdemo.com\/screenshots\/travel-gb.jpg","download_url":"","live_demo_url":"https:\/\/neve.sgwpdemo.com\/travel-gb\/","recommended_builder":"","required_plugins":27,"builders":"","free":1,"is_default":0,"item_order":490,"type":"theme","price":{"id":959,"theme_id":78,"currency_code":"USD","price":0},"description":{"id":959,"theme_id":78,"language":"en","description":""},"tags":[{"id":2170,"theme_id":78,"tag":"Travel","default":1},{"id":2171,"theme_id":78,"tag":"Blog","default":0},{"id":2172,"theme_id":78,"tag":"Photography","default":0}]},{"id":79,"slug":"neve","name":"Outdoors Sports","thumbnail":"https:\/\/neve.sgwpdemo.com\/screenshots\/adventure-gb.jpg","download_url":"","live_demo_url":"https:\/\/neve.sgwpdemo.com\/adventure-gb\/","recommended_builder":"","required_plugins":27,"builders":"","free":1,"is_default":0,"item_order":500,"type":"theme","price":{"id":960,"theme_id":79,"currency_code":"USD","price":0},"description":{"id":960,"theme_id":79,"language":"en","description":""},"tags":[{"id":2173,"theme_id":79,"tag":"Health & Fitness","default":1},{"id":2174,"theme_id":79,"tag":"Business","default":0},{"id":2175,"theme_id":79,"tag":"Travel","default":0}]},{"id":80,"slug":"neve","name":"Freelance Designer","thumbnail":"https:\/\/neve.sgwpdemo.com\/screenshots\/minimal-portfolio-gb.jpg","download_url":"","live_demo_url":"https:\/\/neve.sgwpdemo.com\/minimal-portfolio-gb\/","recommended_builder":"","required_plugins":27,"builders":"","free":1,"is_default":0,"item_order":510,"type":"theme","price":{"id":961,"theme_id":80,"currency_code":"USD","price":0},"description":{"id":961,"theme_id":80,"language":"en","description":""},"tags":[{"id":2176,"theme_id":80,"tag":"Art & Design","default":1},{"id":2177,"theme_id":80,"tag":"Photography","default":0},{"id":2178,"theme_id":80,"tag":"Business","default":0}]},{"id":81,"slug":"neve","name":"The Painter","thumbnail":"https:\/\/neve.sgwpdemo.com\/screenshots\/painter-gb.jpg","download_url":"","live_demo_url":"https:\/\/neve.sgwpdemo.com\/painter-gb\/","recommended_builder":"","required_plugins":27,"builders":"[{\"id\": 18}]","free":1,"is_default":0,"item_order":520,"type":"theme","price":{"id":962,"theme_id":81,"currency_code":"USD","price":0},"description":{"id":962,"theme_id":81,"language":"en","description":""},"tags":[{"id":2179,"theme_id":81,"tag":"Art & Design","default":1},{"id":2180,"theme_id":81,"tag":"Portfolio","default":0},{"id":2181,"theme_id":81,"tag":"Business","default":0}]},{"id":82,"slug":"neve","name":"Makeup Artist","thumbnail":"https:\/\/neve.sgwpdemo.com\/screenshots\/make-up-gb.jpg","download_url":"","live_demo_url":"https:\/\/neve.sgwpdemo.com\/make-up-gb\/","recommended_builder":"","required_plugins":27,"builders":"","free":1,"is_default":0,"item_order":530,"type":"theme","price":{"id":963,"theme_id":82,"currency_code":"USD","price":0},"description":{"id":963,"theme_id":82,"language":"en","description":""},"tags":[{"id":2182,"theme_id":82,"tag":"Business","default":1},{"id":2183,"theme_id":82,"tag":"Fashion & Beauty","default":0},{"id":2184,"theme_id":82,"tag":"Art & Design","default":0}]},{"id":83,"slug":"neve","name":"Photo Store","thumbnail":"https:\/\/neve.sgwpdemo.com\/screenshots\/photo-store-gb.jpg","download_url":"","live_demo_url":"https:\/\/neve.sgwpdemo.com\/photo-store-gb\/","recommended_builder":"","required_plugins":27,"builders":"[{\"id\": 18}]","free":1,"is_default":0,"item_order":540,"type":"theme","price":{"id":964,"theme_id":83,"currency_code":"USD","price":0},"description":{"id":964,"theme_id":83,"language":"en","description":""},"tags":[{"id":2185,"theme_id":83,"tag":"Online-store","default":1},{"id":2186,"theme_id":83,"tag":"Art & Design","default":0},{"id":2187,"theme_id":83,"tag":"Business","default":0}]},{"id":84,"slug":"neve","name":"Fashion Store","thumbnail":"https:\/\/neve.sgwpdemo.com\/screenshots\/fashion-store-gb.jpg","download_url":"","live_demo_url":"https:\/\/neve.sgwpdemo.com\/fashion-store-gb\/","recommended_builder":"","required_plugins":27,"builders":"[{\"id\": 18}]","free":1,"is_default":0,"item_order":550,"type":"theme","price":{"id":965,"theme_id":84,"currency_code":"USD","price":0},"description":{"id":965,"theme_id":84,"language":"en","description":""},"tags":[{"id":2188,"theme_id":84,"tag":"Online-store","default":1},{"id":2189,"theme_id":84,"tag":"Fashion & Beauty","default":0},{"id":2190,"theme_id":84,"tag":"Business","default":0},{"id":2191,"theme_id":84,"tag":"Magazine","default":0}]},{"id":85,"slug":"neve","name":"Neve Business","thumbnail":"https:\/\/neve.sgwpdemo.com\/screenshots\/main.jpg","download_url":"","live_demo_url":"https:\/\/neve.sgwpdemo.com\/neve-business-gb\/","recommended_builder":"","required_plugins":27,"builders":"[{\"id\": 18}]","free":1,"is_default":0,"item_order":560,"type":"theme","price":{"id":966,"theme_id":85,"currency_code":"USD","price":0},"description":{"id":966,"theme_id":85,"language":"en","description":""},"tags":[{"id":2192,"theme_id":85,"tag":"Business","default":1},{"id":2193,"theme_id":85,"tag":"Online-store","default":0},{"id":2194,"theme_id":85,"tag":"Blog","default":0}]},{"id":86,"slug":"neve","name":"Charity","thumbnail":"https:\/\/neve.sgwpdemo.com\/screenshots\/charity.jpg","download_url":"","live_demo_url":"https:\/\/neve.sgwpdemo.com\/charity-gb\/","recommended_builder":"","required_plugins":27,"builders":"","free":1,"is_default":0,"item_order":570,"type":"theme","price":{"id":967,"theme_id":86,"currency_code":"USD","price":0},"description":{"id":967,"theme_id":86,"language":"en","description":""},"tags":[{"id":2195,"theme_id":86,"tag":"Portfolio","default":1},{"id":2196,"theme_id":86,"tag":"Blog","default":0}]},{"id":87,"slug":"neve","name":"Doctors","thumbnail":"https:\/\/neve.sgwpdemo.com\/screenshots\/doctors.jpg","download_url":"","live_demo_url":"https:\/\/neve.sgwpdemo.com\/doctors-gb\/","recommended_builder":"","required_plugins":27,"builders":"","free":1,"is_default":0,"item_order":580,"type":"theme","price":{"id":968,"theme_id":87,"currency_code":"USD","price":0},"description":{"id":968,"theme_id":87,"language":"en","description":""},"tags":[{"id":2197,"theme_id":87,"tag":"Portfolio","default":1},{"id":2198,"theme_id":87,"tag":"Business","default":0},{"id":2199,"theme_id":87,"tag":"Health & Fitness","default":0}]},{"id":88,"slug":"neve","name":"Energy Panels","thumbnail":"https:\/\/neve.sgwpdemo.com\/screenshots\/energy-panels-gb.jpg","download_url":"","live_demo_url":"https:\/\/neve.sgwpdemo.com\/energy-panels-gb\/","recommended_builder":"","required_plugins":27,"builders":"","free":1,"is_default":0,"item_order":590,"type":"theme","price":{"id":969,"theme_id":88,"currency_code":"USD","price":0},"description":{"id":969,"theme_id":88,"language":"en","description":""},"tags":[{"id":2200,"theme_id":88,"tag":"Business","default":1},{"id":2201,"theme_id":88,"tag":"Portfolio","default":0}]},{"id":89,"slug":"neve","name":"Law Firm","thumbnail":"https:\/\/neve.sgwpdemo.com\/screenshots\/lawyers-gb.jpg","download_url":"","live_demo_url":"https:\/\/neve.sgwpdemo.com\/lawyers-gb\/","recommended_builder":"","required_plugins":27,"builders":"","free":1,"is_default":0,"item_order":600,"type":"theme","price":{"id":970,"theme_id":89,"currency_code":"USD","price":0},"description":{"id":970,"theme_id":89,"language":"en","description":""},"tags":[{"id":2202,"theme_id":89,"tag":"Business","default":1}]},{"id":90,"slug":"neve","name":"My Restaurant","thumbnail":"https:\/\/neve.sgwpdemo.com\/screenshots\/restaurant.jpg","download_url":"","live_demo_url":"https:\/\/neve.sgwpdemo.com\/my-restaurant-gb\/","recommended_builder":"","required_plugins":27,"builders":"","free":1,"is_default":0,"item_order":610,"type":"theme","price":{"id":971,"theme_id":90,"currency_code":"USD","price":0},"description":{"id":971,"theme_id":90,"language":"en","description":""},"tags":[{"id":2203,"theme_id":90,"tag":"Business","default":1},{"id":2204,"theme_id":90,"tag":"Online-store","default":0},{"id":2205,"theme_id":90,"tag":"Restaurant","default":0}]},{"id":91,"slug":"neve","name":"Vet Center","thumbnail":"https:\/\/neve.sgwpdemo.com\/screenshots\/vet-center.jpg","download_url":"","live_demo_url":"https:\/\/neve.sgwpdemo.com\/vet-center-gb\/","recommended_builder":"","required_plugins":27,"builders":"","free":1,"is_default":0,"item_order":620,"type":"theme","price":{"id":972,"theme_id":91,"currency_code":"USD","price":0},"description":{"id":972,"theme_id":91,"language":"en","description":""},"tags":[{"id":2206,"theme_id":91,"tag":"Online-store","default":1},{"id":2207,"theme_id":91,"tag":"Blog","default":0},{"id":2208,"theme_id":91,"tag":"Business","default":0},{"id":2209,"theme_id":91,"tag":"Health & Fitness","default":0}]},{"id":92,"slug":"astra","name":"Barber","thumbnail":"https:\/\/astra.sgwpdemo.com\/screenshots\/barber.jpg","download_url":"","live_demo_url":"https:\/\/astra.sgwpdemo.com\/barber-gb\/","recommended_builder":"","required_plugins":"24,25,29","builders":"","free":1,"is_default":0,"item_order":700,"type":"theme","price":{"id":973,"theme_id":92,"currency_code":"USD","price":0},"description":{"id":973,"theme_id":92,"language":"en","description":""},"tags":[{"id":2211,"theme_id":92,"tag":"Business","default":1},{"id":2210,"theme_id":92,"tag":"Portfolio","default":0}]},{"id":93,"slug":"astra","name":"Printing","thumbnail":"https:\/\/astra.sgwpdemo.com\/screenshots\/printing.jpg","download_url":"","live_demo_url":"https:\/\/astra.sgwpdemo.com\/printing-gb\/","recommended_builder":"","required_plugins":"22,24,25,29","builders":"[{\"id\": 18}]","free":1,"is_default":0,"item_order":710,"type":"theme","price":{"id":974,"theme_id":93,"currency_code":"USD","price":0},"description":{"id":974,"theme_id":93,"language":"en","description":""},"tags":[{"id":2212,"theme_id":93,"tag":"Business","default":1},{"id":2213,"theme_id":93,"tag":"Online-store","default":0}]},{"id":94,"slug":"astra","name":"Plant Shop","thumbnail":"https:\/\/astra.sgwpdemo.com\/screenshots\/plant-shop-gb.jpg","download_url":"","live_demo_url":"https:\/\/astra.sgwpdemo.com\/plant-shop-gb\/","recommended_builder":"","required_plugins":"22,24,25,29","builders":"[{\"id\": 18}]","free":1,"is_default":0,"item_order":720,"type":"theme","price":{"id":975,"theme_id":94,"currency_code":"USD","price":0},"description":{"id":975,"theme_id":94,"language":"en","description":""},"tags":[{"id":2214,"theme_id":94,"tag":"Business","default":1},{"id":2215,"theme_id":94,"tag":"Online-store","default":0}]},{"id":95,"slug":"astra","name":"Life Coach","thumbnail":"https:\/\/astra.sgwpdemo.com\/screenshots\/life-coach-gb.jpg","download_url":"","live_demo_url":" https:\/\/astra.sgwpdemo.com\/life-coach-gb\/","recommended_builder":"","required_plugins":"22,24,25,29","builders":"[{\"id\": 18}]","free":1,"is_default":0,"item_order":730,"type":"theme","price":{"id":976,"theme_id":95,"currency_code":"USD","price":0},"description":{"id":976,"theme_id":95,"language":"en","description":""},"tags":[{"id":2216,"theme_id":95,"tag":"Business","default":1},{"id":2217,"theme_id":95,"tag":"Online-store","default":0},{"id":2218,"theme_id":95,"tag":"Health & Fitness","default":0}]},{"id":96,"slug":"astra","name":"Architects","thumbnail":"https:\/\/astra.sgwpdemo.com\/screenshots\/construction-gb.jpg","download_url":"","live_demo_url":"https:\/\/astra.sgwpdemo.com\/architects-gb\/","recommended_builder":"","required_plugins":"24,25,29","builders":"","free":1,"is_default":0,"item_order":740,"type":"theme","price":{"id":977,"theme_id":96,"currency_code":"USD","price":0},"description":{"id":977,"theme_id":96,"language":"en","description":""},"tags":[{"id":2219,"theme_id":96,"tag":"Business","default":1},{"id":2220,"theme_id":96,"tag":"Online-store","default":0}]},{"id":97,"slug":"astra","name":"Tourism","thumbnail":"https:\/\/astra.sgwpdemo.com\/screenshots\/tourism-gb.jpg","download_url":"","live_demo_url":"https:\/\/astra.sgwpdemo.com\/tourism-gb\/","recommended_builder":"","required_plugins":"24,25,29","builders":"","free":1,"is_default":0,"item_order":750,"type":"theme","price":{"id":978,"theme_id":97,"currency_code":"USD","price":0},"description":{"id":978,"theme_id":97,"language":"en","description":""},"tags":[{"id":2221,"theme_id":97,"tag":"Business","default":1},{"id":2222,"theme_id":97,"tag":"Online-store","default":0},{"id":2223,"theme_id":97,"tag":"Travel","default":0}]},{"id":98,"slug":"astra","name":"Dietitian","thumbnail":"https:\/\/astra.sgwpdemo.com\/screenshots\/dietitian-gb.jpg","download_url":"","live_demo_url":"https:\/\/astra.sgwpdemo.com\/dietitian-gb\/ ","recommended_builder":"","required_plugins":"24,25,29","builders":"","free":1,"is_default":0,"item_order":760,"type":"theme","price":{"id":979,"theme_id":98,"currency_code":"USD","price":0},"description":{"id":979,"theme_id":98,"language":"en","description":""},"tags":[{"id":2224,"theme_id":98,"tag":"Business","default":1},{"id":2225,"theme_id":98,"tag":"Online-store","default":0},{"id":2226,"theme_id":98,"tag":"Health & Fitness","default":0}]},{"id":99,"slug":"astra","name":"Business Consulting","thumbnail":"https:\/\/astra.sgwpdemo.com\/screenshots\/business-consulting-gb.jpg","download_url":"","live_demo_url":"https:\/\/astra.sgwpdemo.com\/business-consulting-gb\/","recommended_builder":"","required_plugins":24,"builders":"","free":1,"is_default":0,"item_order":770,"type":"theme","price":{"id":980,"theme_id":99,"currency_code":"USD","price":0},"description":{"id":980,"theme_id":99,"language":"en","description":""},"tags":[{"id":2227,"theme_id":99,"tag":"Business","default":1}]},{"id":100,"slug":"astra","name":"Recipe Blog","thumbnail":"https:\/\/astra.sgwpdemo.com\/screenshots\/recipe-blog-gb.jpg","download_url":"","live_demo_url":"https:\/\/astra.sgwpdemo.com\/recipe-blog-gb\/","recommended_builder":"","required_plugins":"23,24","builders":"","free":1,"is_default":0,"item_order":780,"type":"theme","price":{"id":981,"theme_id":100,"currency_code":"USD","price":0},"description":{"id":981,"theme_id":100,"language":"en","description":""},"tags":[{"id":2228,"theme_id":100,"tag":"Blog","default":1}]},{"id":101,"slug":"astra","name":"Public Speaker","thumbnail":"https:\/\/astra.sgwpdemo.com\/screenshots\/public-speaker-gb.jpg","download_url":"","live_demo_url":"https:\/\/astra.sgwpdemo.com\/public-speaker-gb\/","recommended_builder":"","required_plugins":24,"builders":"","free":1,"is_default":0,"item_order":790,"type":"theme","price":{"id":982,"theme_id":101,"currency_code":"USD","price":0},"description":{"id":982,"theme_id":101,"language":"en","description":""},"tags":[{"id":2229,"theme_id":101,"tag":"Portfolio","default":1}]},{"id":102,"slug":"astra","name":"Women Empowerment","thumbnail":"https:\/\/astra.sgwpdemo.com\/screenshots\/women-empowerment-gb.jpg","download_url":"","live_demo_url":"https:\/\/astra.sgwpdemo.com\/women-empowerment-gb\/","recommended_builder":"","required_plugins":24,"builders":"","free":1,"is_default":0,"item_order":800,"type":"theme","price":{"id":983,"theme_id":102,"currency_code":"USD","price":0},"description":{"id":983,"theme_id":102,"language":"en","description":""},"tags":[{"id":2230,"theme_id":102,"tag":"Portfolio","default":1}]},{"id":103,"slug":"astra","name":"Interior Designer","thumbnail":"https:\/\/astra.sgwpdemo.com\/screenshots\/interior-designer-gb.jpg","download_url":"","live_demo_url":"https:\/\/astra.sgwpdemo.com\/interior-designer-gb\/","recommended_builder":"","required_plugins":24,"builders":"","free":1,"is_default":0,"item_order":810,"type":"theme","price":{"id":984,"theme_id":103,"currency_code":"USD","price":0},"description":{"id":984,"theme_id":103,"language":"en","description":""},"tags":[{"id":2231,"theme_id":103,"tag":"Art & Design","default":1}]},{"id":104,"slug":"astra","name":"Interior Firm","thumbnail":"https:\/\/astra.sgwpdemo.com\/screenshots\/interior-firm-gb.jpg","download_url":"","live_demo_url":"https:\/\/astra.sgwpdemo.com\/interior-firm-gb\/","recommended_builder":"","required_plugins":"23,24","builders":"","free":1,"is_default":0,"item_order":820,"type":"theme","price":{"id":985,"theme_id":104,"currency_code":"USD","price":0},"description":{"id":985,"theme_id":104,"language":"en","description":""},"tags":[{"id":2232,"theme_id":104,"tag":"Art & Design","default":1}]},{"id":105,"slug":"astra","name":"Photographer","thumbnail":"https:\/\/astra.sgwpdemo.com\/screenshots\/photographer-gb.jpg","download_url":"","live_demo_url":"https:\/\/astra.sgwpdemo.com\/photographer-gb\/","recommended_builder":"","required_plugins":24,"builders":"","free":1,"is_default":0,"item_order":830,"type":"theme","price":{"id":986,"theme_id":105,"currency_code":"USD","price":0},"description":{"id":986,"theme_id":105,"language":"en","description":""},"tags":[{"id":2233,"theme_id":105,"tag":"Photography","default":1}]},{"id":106,"slug":"astra","name":"Travel and Tourism","thumbnail":"https:\/\/astra.sgwpdemo.com\/screenshots\/travel-and-tourism-gb.jpg","download_url":"","live_demo_url":"https:\/\/astra.sgwpdemo.com\/travel-and-tourism-gb\/","recommended_builder":"","required_plugins":24,"builders":"","free":1,"is_default":0,"item_order":840,"type":"theme","price":{"id":987,"theme_id":106,"currency_code":"USD","price":0},"description":{"id":987,"theme_id":106,"language":"en","description":""},"tags":[{"id":2234,"theme_id":106,"tag":"Travel","default":1}]},{"id":107,"slug":"astra","name":"Steak House","thumbnail":"https:\/\/astra.sgwpdemo.com\/screenshots\/steak-house-gb.jpg","download_url":"","live_demo_url":"https:\/\/astra.sgwpdemo.com\/steak-house-gb\/","recommended_builder":"","required_plugins":24,"builders":"","free":1,"is_default":0,"item_order":850,"type":"theme","price":{"id":988,"theme_id":107,"currency_code":"USD","price":0},"description":{"id":988,"theme_id":107,"language":"en","description":""},"tags":[{"id":2235,"theme_id":107,"tag":"Restaurant","default":1}]},{"id":108,"slug":"vendd","name":"Vendd","thumbnail":"https:\/\/sgwpdemo.com\/screenshots\/twentytwentyone.jpg","download_url":"","live_demo_url":"https:\/\/default.sgwpdemo.com","recommended_builder":"","required_plugins":"","builders":"","free":1,"is_default":0,"item_order":860,"type":"theme","price":{"id":989,"theme_id":108,"currency_code":"USD","price":0},"description":{"id":989,"theme_id":108,"language":"en","description":""},"tags":[]},{"id":109,"slug":"pathway","name":"Global Business","thumbnail":"https:\/\/pathway.sgwpdemo.com\/screenshots\/global-business-gb.jpg","download_url":"","live_demo_url":"https:\/\/pathway.sgwpdemo.com\/global-business-gb\/","recommended_builder":"","required_plugins":34,"builders":"","free":1,"is_default":0,"item_order":870,"type":"theme","price":{"id":990,"theme_id":109,"currency_code":"USD","price":0},"description":{"id":990,"theme_id":109,"language":"en","description":""},"tags":[{"id":2236,"theme_id":109,"tag":"Business","default":1}]},{"id":110,"slug":"pathway","name":"Agency Portfolio","thumbnail":"https:\/\/pathway.sgwpdemo.com\/screenshots\/company-portfolio-gb.jpg","download_url":"","live_demo_url":"https:\/\/pathway.sgwpdemo.com\/agency-portfolio-gb\/","recommended_builder":"","required_plugins":34,"builders":"","free":1,"is_default":0,"item_order":880,"type":"theme","price":{"id":991,"theme_id":110,"currency_code":"USD","price":0},"description":{"id":991,"theme_id":110,"language":"en","description":""},"tags":[{"id":2237,"theme_id":110,"tag":"Portfolio","default":1}]}]